<?xml version="1.0" encoding="UTF-8"?>
<beans xmlns="http://www.springframework.org/schema/beans"
	xmlns:xsi="http://www.w3.org/2001/XMLSchema-instance"
	xmlns:security="http://www.springframework.org/schema/security"
	xsi:schemaLocation="http://www.springframework.org/schema/security 
	http://www.springframework.org/schema/security/spring-security-3.2.xsd
		http://www.springframework.org/schema/beans 
		http://www.springframework.org/schema/beans/spring-beans-4.3.xsd">

	<security:http use-expressions="true">
		<security:intercept-url pattern="/admin/**" 
			access="hasAuthority('ROLE_ADMIN')" />
		<security:intercept-url pattern="/user/**"
			access="isAuthenticated()" />
		<security:intercept-url pattern="/**"
			access="permitAll" />
		<security:form-login/>
			<security:form-login login-page="/common/login" /> 
		<security:logout/>	
	</security:http>
	
	<!-- 커넥션풀 정보를 읽어온다 -->
	<security:authentication-manager>
		<security:authentication-provider>
			<security:jdbc-user-service data-source-ref="dataSource" />
		</security:authentication-provider>
	</security:authentication-manager>
	
</beans>