<?xml version="1.0" encoding="UTF-8"?>
<beans:beans xmlns="http://www.springframework.org/schema/mvc"
	xmlns:xsi="http://www.w3.org/2001/XMLSchema-instance"
	xmlns:beans="http://www.springframework.org/schema/beans"
	xmlns:context="http://www.springframework.org/schema/context"
	xmlns:aop="http://www.springframework.org/schema/aop"
	xsi:schemaLocation="http://www.springframework.org/schema/mvc 
		http://www.springframework.org/schema/mvc/spring-mvc.xsd
		http://www.springframework.org/schema/beans 
		http://www.springframework.org/schema/beans/spring-beans.xsd
		http://www.springframework.org/schema/context 
		http://www.springframework.org/schema/context/spring-context.xsd
		http://www.springframework.org/schema/aop 
		http://www.springframework.org/schema/aop/spring-aop-4.3.xsd">

	<!-- DispatcherServlet Context: defines this servlet's request-processing infrastructure -->
	
	<!-- Enables the Spring MVC @Controller programming model -->
	<annotation-driven />

	<!-- Handles HTTP GET requests for /resources/** by efficiently serving up static resources in the ${webappRoot}/resources directory -->
	<resources mapping="/resources/**" location="/resources/" />

	<!-- Resolves views selected for rendering by @Controllers to .jsp resources in the /WEB-INF/views directory -->
	<beans:bean class="org.springframework.web.servlet.view.InternalResourceViewResolver">
		<beans:property name="prefix" value="/WEB-INF/views/" />
		<beans:property name="suffix" value=".jsp" />
	</beans:bean>
	
	<context:component-scan base-package="spring.mvc.benkfit" />
	
	<!-- Mybatis 설정 시작 -->	   
	<beans:bean name="dataSourceSpied" class="org.springframework.jndi.JndiObjectFactoryBean">
		<beans:property name="jndiName" value="java:comp/env/jdbc/Oracle11g_benkfit" /> <!-- context.xml의 컨넥션풀 lookup -->
		<beans:property name="resourceRef" value="true" />
	</beans:bean>
    
    <beans:bean id="dataSource" class="net.sf.log4jdbc.Log4jdbcProxyDataSource">
        <beans:constructor-arg ref="dataSourceSpied" />
        <beans:property name="logFormatter">
            <beans:bean class="net.sf.log4jdbc.tools.Log4JdbcCustomFormatter">
                <beans:property name="loggingType" value="MULTI_LINE" />
                <beans:property name="sqlPrefix" value="SQL         :  "/>
            </beans:bean>
        </beans:property>
    </beans:bean>
    
	<beans:bean id="sqlSessionFactory" class="org.mybatis.spring.SqlSessionFactoryBean">
		<beans:property name="dataSource" ref="dataSource" /> <!-- 컨넥션풀 -->
		<beans:property name="mapperLocations" value="classpath:mappers/**/*.xml" /> <!-- Mybatis xml의 경로 -->
	</beans:bean>
	
	<beans:bean id="sqlSession" class="org.mybatis.spring.SqlSessionTemplate">
		<beans:constructor-arg ref="sqlSessionFactory" />
	</beans:bean>
	<!-- Mybatis 설정 종료 -->
	
	<!-- mail bean -->
    <beans:bean id="javaMailSender" class="org.springframework.mail.javamail.JavaMailSenderImpl">
        <beans:property name="host" value="smtp.gmail.com" />
        <beans:property name="port" value="587" />
        <beans:property name="username" value="b3nkf1t@gmail.com" />
        <beans:property name="password" value="1234QWER!" />
        <beans:property name="javaMailProperties">
            <beans:props>
                <beans:prop key="mail.smtp.ssl.trust">smtp.gmail.com</beans:prop>
                <beans:prop key="mail.smtp.starttls.enable">true</beans:prop>
                <beans:prop key="mail.smtp.auth">true</beans:prop>
            </beans:props>
        </beans:property>
    </beans:bean>
    
     <!-- MultipartResolver 설정 -->
     <beans:bean id="multipartResolver" class="org.springframework.web.multipart.commons.CommonsMultipartResolver">
        <beans:property name="maxUploadSize" value="100000000" />
        <beans:property name="maxInMemorySize" value="100000000" />
    </beans:bean> 
    
	
</beans:beans>
