<?xml version="1.0" encoding="UTF-8"?>

<!DOCTYPE mapper
	PUBLIC "-//mybatis.org//DTD Mapper 3.0//EN"
	"http://mybatis.org/dtd/mybatis-3-mapper.dtd">

 	<mapper namespace="spring.mvc.benkfit.persistence.DAO_kay">
 		
 		<!-- 예금관리 -->
 		<select id="myCheq_list" resultType="spring.mvc.benkfit.vo.myCheqAccount_kay">
 			select * 
 			from myCheqAccount_tbl
 			where  c_id = #{strid}
 		</select>
 		
 		<!-- 대출관리  -->
 		<!-- <select id="myloan_list" resultType="spring.mvc.benkfit.vo.MyloanAccount_kay">
 			select *
 			from MyloanAccount_tbl
 			 where  c_id = #{id}
 		</select> -->
 		
 		<!-- 대출상세  -->
 	<!-- 	<select id="" resultType="spring.mvc.benkfit.vo.MyloanAccount_kay">
 			select *
			from loanProduct_tbl lp, loanRates_tbl lr, MyloanAccount_tbl la
			where lp.loan_num =la.loan_num and lr.loan_num=la.loan_num
			AND  where  c_id = #{id}
 		</select> -->
 		
 		<!-- 내서류관리 -->
 		<!-- <select id ="docu_list" resultType="spring.mvc.benkfit.vo.document_kay">
 			select * 
 			from document_tbl 
 			where  c_id = #{id}
 		</select> -->
 		
 		<!--  내서류 등록 -->
 	<!-- 	<insert id="docu_upload" parameterType="spring.mvc.benkfit.vo.document_kay" >
			INSERT INTO document_tbl(doc_num, doc_name, doc_content, doc_date, c_id, doc_img)
			VALUES(#{doc_num}, #{doc_name}, #{doc_content}, sysdate, 'id1234', #{doc_img})	 		
 		</insert>
 		 -->
 		<!-- qrcode -->
 	<!-- 	<select id="qrcode" resultType="spring.mvc.benkfit.vo.UsersVO">
 			select c_id, c_name, c_hp
 			from users_tbl
 			where  c_id = #{id}
 		</select>
 		 -->
 		<!-- 내정보 -->
 	<!-- 	<select id="info" resultType="spring.mvc.benkfit.vo.UsersVO">
 			select *
 			from users_tbl
 			where  c_id = #{id}
 		</select> -->
 		
 		<!-- 이체한도 조회 -->
 	<!-- 	<select id="limit_sel" resultType="spring.mvc.benkfit.vo.myCheqAccount_kay">
	 		select myCheq_limit 
	 		from  myCheqAccount_tbl 
	 		where c_id = #{id} and myCheq_account = '118-1111-1111'
 		</select> -->
 		
 		<!-- 이체한도 수정 -->
 	<!-- 	<update id="limit_up" parameterType="int" >
 			update myCheqAccount_tbl 
			set myCheq_limit = #{lim}
			where c_id = #{id}
 		</update> -->
 		
 	</mapper>